username_length,username_has_digits,followers,following,posts,bio_length,has_profile_pic,is_verified,has_external_url,is_private,account_age_days,engagement_rate,is_fake
12,1,35908,1132,368,49,1,0,1,0,100,2.98689889662882,0
14,0,57432,462,32,131,1,0,1,0,2018,12.484309125523232,0
16,1,124,4449,4,6,0,0,1,1,52,0.3201903733221205,1
23,1,87,1522,4,6,0,0,0,0,34,0.15787170124201855,1
6,1,132,343,2,7,1,0,0,0,82,0.22141468519216206,1
15,1,1529,465,375,87,1,0,0,1,690,11.07683916347046,0
24,0,122,1224,3,14,0,0,0,0,84,0.4249732479725942,1
9,1,33875,1045,623,42,1,0,0,0,1555,1.2943520339055972,0
24,1,146,785,6,5,0,0,0,0,78,0.3142034788204949,1
12,0,26163,317,468,72,1,0,0,0,385,7.758725273315662,0
12,0,16863,1031,513,27,1,0,0,0,1981,4.8314804998718355,0
19,1,5,2656,2,14,0,0,1,0,64,0.4224854268200507,1
22,1,58,2917,11,12,0,0,1,0,29,0.3127390302123307,1
11,0,26575,432,47,81,1,1,0,0,786,2.331913386481828,0
8,1,2,621,0,8,0,0,0,0,41,0.012020618683218909,1
21,1,116,341,0,11,0,0,1,0,80,0.03765071679923487,1
24,1,119,3300,8,10,0,0,0,1,84,0.3418941004449373,1
15,0,31622,844,197,67,1,0,1,1,2446,4.066774178952662,0
13,0,7998,975,445,61,1,0,0,0,1003,4.81202271174016,0
5,1,72,731,2,10,0,0,1,0,23,0.148268794810131,1
23,1,83,498,3,12,1,0,0,1,58,0.05220768474905901,1
9,0,47357,395,52,66,1,0,0,0,2181,7.869863027434548,0
6,0,29538,747,556,73,1,0,0,0,1011,12.483730807881276,0
16,1,7,4059,3,4,0,0,0,0,26,0.3576820576144448,1
7,1,57,2230,0,11,1,0,0,0,51,0.0666722336581852,1
19,0,23,1586,9,12,0,0,0,0,59,0.09270442518702715,1
10,0,6608,180,599,33,1,0,0,1,3579,6.093759959230757,0
20,1,66,289,11,2,0,0,0,1,42,0.10495902287402575,1
22,1,107,967,3,9,1,0,0,0,56,0.13389623726131689,1
19,1,49,1702,8,1,0,0,0,0,30,0.1294808025124876,1
20,0,128,3796,4,11,0,0,0,1,26,0.3611080493368231,1
7,0,28733,263,128,130,1,0,1,1,2303,8.584424932258198,0
9,0,38091,1030,224,40,1,0,0,1,1459,9.800549649883415,0
15,0,19719,1054,98,32,1,0,0,0,3461,1.9851238291839106,0
23,1,129,1306,10,5,0,0,1,0,55,0.0062982006358934806,1
23,1,148,739,4,3,0,0,0,0,88,0.41651713197053497,1
16,1,124,2114,5,1,0,0,1,0,84,0.11016369671879128,1
19,1,11,4019,8,2,1,0,0,0,34,0.018698495204398646,1
8,0,69,1878,4,3,1,0,1,0,18,0.20255402729392835,1
7,1,46764,430,612,65,1,0,1,1,472,1.4000602293275803,0
14,0,47310,116,603,35,1,0,1,1,2389,1.367580835478299,0
19,0,110,2050,1,0,0,0,0,0,76,0.2965280949836788,1
12,0,36708,942,250,147,1,0,0,1,2927,9.12956076054037,0
24,0,55,1232,10,1,1,0,0,1,33,0.15164146970226355,1
10,0,50771,622,40,32,1,0,0,1,1124,1.2632139614651254,0
5,1,132,3686,7,0,0,0,1,1,26,0.4388460894139241,1
12,1,43,763,7,10,0,0,0,0,17,0.22219780922554028,1
19,1,71,2202,10,13,0,0,0,1,2,0.2576525939971884,1
12,1,32,2885,2,0,0,0,0,1,86,0.15810756128166503,1
24,0,105,2330,2,5,0,0,0,1,3,0.3743492392195775,1
8,0,938,759,353,21,1,0,0,1,504,2.6249604646577254,0
13,0,20457,941,536,59,1,0,0,0,1717,7.590876878917885,0
5,1,0,1236,5,1,1,0,1,0,46,0.4964717328914536,1
16,1,45,116,8,7,1,0,1,1,21,0.30753231492890565,1
15,0,28217,1094,35,122,1,0,1,1,2852,8.017379025795057,0
6,1,9,2123,1,7,0,0,1,0,82,0.40739683376182934,1
8,0,10156,349,52,141,1,0,0,1,2522,8.731884544863885,0
14,0,406,241,592,103,1,0,0,1,2541,4.11246269282016,0
8,0,60795,1051,410,129,1,0,0,0,3531,6.587786030074331,0
7,1,28,1383,2,12,0,0,0,0,10,0.45487184335634195,1
21,1,1,2647,9,8,1,0,0,0,50,0.0694844959433123,1
14,1,49,693,5,3,0,0,0,1,1,0.07922401859495298,1
12,1,121,3391,7,0,0,0,0,0,26,0.4452204740005429,1
7,1,21,3064,7,2,0,0,1,1,23,0.46183241877482634,1
9,0,8,3731,3,11,0,0,0,0,40,0.10070315460667612,1
8,0,22116,1141,110,111,1,1,0,1,3285,10.445795615486233,0
8,1,47,1825,6,1,1,0,0,1,18,0.1864999177834315,1
6,0,128,3241,0,10,0,0,0,0,83,0.32155217630892513,1
10,0,88,3964,7,11,0,0,0,0,6,0.15290675564183198,1
11,1,18,1849,2,0,1,0,0,0,17,0.40844514475208415,1
14,1,67,3571,1,4,0,0,0,0,48,0.21600527946518133,1
17,1,130,2745,11,11,1,0,0,1,41,0.2572448011560194,1
14,0,50608,567,478,51,1,0,0,1,3629,3.1800345037371027,0
14,1,44,361,11,0,0,0,1,0,1,0.4721044191730538,1
5,1,87,194,10,14,1,0,1,0,77,0.22263701238235228,1
18,1,101,681,9,12,0,0,1,0,46,0.24427123322012856,1
10,1,10,1131,9,8,0,0,0,0,46,0.3179553828548692,1
22,0,99,505,8,7,0,0,0,0,4,0.22513840522079537,1
8,0,54789,244,124,133,1,0,0,1,344,9.268813936406668,0
15,1,3325,618,274,136,1,0,0,0,885,5.18247058874597,0
7,0,53918,1084,147,143,1,0,0,0,1777,11.5261072211992,0
20,1,133,1062,9,3,0,0,0,1,36,0.41029589466207406,1
12,0,50595,74,411,129,1,0,0,1,2904,12.343837521178255,0
11,1,98,4385,11,14,0,0,0,0,20,0.11519331969294472,1
5,1,59,2343,1,12,0,0,0,1,62,0.34693158093786614,1
13,0,41771,939,141,29,1,0,1,1,2958,3.9180464776302015,0
13,0,15372,361,425,82,1,0,0,0,1366,8.304821051857203,0
9,1,138,888,7,7,0,0,0,1,43,0.22836529644292014,1
12,0,63406,225,478,85,1,0,0,0,1443,9.74983750541638,0
14,0,29671,649,564,71,1,0,0,0,1865,5.908807901473698,0
22,1,140,3625,5,0,0,0,0,0,63,0.16695123576327697,1
21,1,71,2436,11,9,0,0,0,1,15,0.1115049117668665,1
16,1,104,2843,11,6,0,0,1,0,60,0.2250549293425148,1
9,1,127,1833,1,10,0,0,0,0,72,0.2844915971520614,1
11,0,50912,235,81,26,1,0,0,1,149,12.42282992246116,0
8,0,18150,408,21,113,1,0,0,0,2454,2.7074113575056304,0
23,1,8,674,0,12,0,0,0,0,20,0.1014266193639326,1
8,0,36062,432,270,95,1,0,0,1,2448,8.38725601299031,0
21,0,38,2560,2,8,0,0,0,1,48,0.29060773874469165,1
8,1,83,3392,2,9,0,0,0,0,83,0.16947238767422435,1
9,0,35,1030,6,0,0,0,0,0,87,0.3768600882810648,1
15,1,63,3184,7,12,1,0,0,1,18,0.35868137651818344,1
8,0,19881,1162,466,24,1,0,0,1,290,2.1455951671989797,0
15,1,73,3046,7,2,0,0,0,0,61,0.04961479804732338,1
8,0,13600,279,597,62,1,0,0,1,275,8.170790013220262,0
12,1,16334,761,492,94,1,0,0,1,2877,10.821257268541592,0
10,1,54612,890,454,134,1,1,0,1,2159,11.321626674652416,0
6,0,23058,161,637,106,1,0,1,1,2078,2.8767547738574977,0
7,0,47687,749,338,17,1,0,0,1,2927,4.700271764822413,0
12,0,64354,428,278,129,1,0,0,1,2193,4.6665320902870056,0
12,1,68,1426,4,12,0,0,0,0,61,0.4331164351338352,1
14,1,6941,1161,39,85,1,0,1,1,405,6.441677002145978,0
16,1,130,3904,9,12,1,0,1,0,52,0.03110254576284549,1
14,0,61302,881,541,29,1,0,0,0,2118,7.741983121299137,0
10,0,53180,460,283,56,1,0,0,1,597,5.4454756007970575,0
15,1,15113,383,381,137,1,0,0,0,700,11.590696106715008,0
7,1,13,4140,8,6,1,0,0,1,58,0.10657105965696834,1
13,1,23,3593,7,12,0,0,1,0,70,0.15569096994629217,1
7,0,19806,948,517,26,1,0,0,0,3322,2.573076215775628,0
5,1,144,3188,8,4,0,0,0,0,10,0.22852982963288815,1
14,1,25,4058,2,7,0,0,0,0,39,0.05474548627723108,1
8,0,5097,1153,631,38,1,0,0,0,2750,2.21562456513721,0
9,0,53325,1096,430,69,1,0,1,1,2301,5.664362476886577,0
8,0,1656,542,211,56,1,0,0,0,1484,2.6711973965351437,0
22,1,141,1719,2,9,0,0,0,0,26,0.019378467777091235,1
7,0,11812,1081,521,115,1,1,1,1,2658,7.213379580328643,0
20,0,4,1143,0,0,0,0,0,0,73,0.246046005175049,1
15,0,91,1608,3,11,0,0,0,0,60,0.1282065138494709,1
7,1,25518,531,168,69,1,0,1,1,1005,11.825572531603687,0
9,0,15852,1177,407,32,1,0,0,0,2599,2.332388244270927,0
12,1,75,4408,10,3,0,0,0,1,28,0.3752992283720632,1
8,0,9454,1026,621,86,1,0,1,1,1572,10.912663069296634,0
6,0,77,2259,10,9,1,0,1,0,17,0.4108762084926952,1
7,1,6,2521,1,10,0,0,1,0,35,0.3126080625157191,1
14,0,42855,129,437,53,1,0,1,1,1858,8.778495470823724,0
8,1,61866,1005,282,124,1,1,0,1,1276,9.763796779414731,0
12,1,46294,680,620,16,1,0,0,1,1968,10.07954525662411,0
11,0,79,3257,6,3,1,0,0,0,38,0.4125176595714,1
21,1,86,3748,6,8,0,0,0,0,70,0.3839381818168557,1
15,1,30568,424,633,36,1,0,0,0,2358,10.970647986955775,0
9,0,3771,848,287,67,1,0,0,0,459,6.841089989925915,0
10,1,55633,626,228,80,1,0,0,1,969,11.843526193073119,0
5,1,4,2000,1,3,0,0,0,0,26,0.22231382895695234,1
14,0,58038,1104,31,39,1,0,0,0,2551,12.26744456645773,0
15,0,47060,374,121,83,1,0,0,0,146,6.081880235861281,0
11,1,136,2796,6,1,0,0,1,0,50,0.2627225631810898,1
7,0,33501,836,344,31,1,0,0,0,2529,5.511790582428351,0
7,0,55762,888,109,137,1,0,0,1,913,8.286663852890628,0
9,1,7,2338,2,2,0,0,0,0,72,0.2289024662796033,1
23,0,123,1827,8,7,1,0,0,1,35,0.39213564965335845,1
11,0,11464,692,290,66,1,0,0,1,1198,9.017550023213074,0
20,1,61,2713,11,12,0,0,0,0,21,0.003398274293055892,1
14,0,59688,172,91,27,1,1,0,1,2715,7.645362925211363,0
22,0,89,3794,11,5,1,0,0,0,23,0.27365237205734216,1
10,0,36767,508,471,38,1,0,0,0,3576,2.373773830150559,0
22,0,140,2743,6,13,0,0,0,0,12,0.13357203493532466,1
18,0,44,2029,3,0,0,0,0,1,14,0.49324370078586477,1
24,1,43,2296,2,3,0,0,1,0,81,0.06666340817128757,1
11,0,22408,864,248,40,1,0,0,0,2573,3.4956394902466394,0
6,1,41,1022,6,11,0,0,0,0,68,0.11515961234143879,1
6,0,29197,622,477,39,1,0,0,1,130,10.34286635010042,0
14,0,52450,553,606,91,1,0,0,0,1086,7.665259718986324,0
7,0,14558,902,165,90,1,0,0,0,3308,11.620083978482336,0
10,1,34,1468,0,7,0,0,0,0,32,0.39832243450756905,1
13,1,78,2166,1,9,0,0,0,0,74,0.06570619142763423,1
15,0,19531,188,283,23,1,0,0,1,338,1.5773432149841886,0
6,0,21,3136,3,8,1,0,0,0,70,0.023496250501558735,1
10,0,54112,1138,331,122,1,0,0,1,1382,4.264308978536599,0
11,1,59222,254,302,75,1,0,0,1,1560,1.482546475211691,0
13,1,113,1640,2,11,0,0,1,0,69,0.005275561225094927,1
13,0,18856,55,564,107,1,0,0,0,248,2.5818625493407747,0
6,0,13200,291,31,58,1,0,0,0,606,2.491491529956479,0
17,0,83,2734,7,7,0,0,0,1,74,0.32051242881767733,1
7,0,39,614,11,10,0,0,1,0,40,0.345061558841004,1
23,0,91,1774,6,1,1,0,0,0,84,0.49334380580851206,1
23,1,10,2604,1,6,0,0,0,1,57,0.3301941261979127,1
6,1,17,4126,0,3,0,0,1,0,7,0.12737435366835942,1
10,0,38529,1093,487,17,1,0,0,1,3137,1.4375803215815048,0
9,1,95,636,0,0,1,0,1,0,30,0.016225538395337857,1
9,1,18604,831,448,149,1,0,1,0,267,9.280693433884409,0
8,0,15005,405,104,137,1,0,0,1,2737,8.95015576413686,0
12,1,7236,374,36,83,1,0,1,1,3091,1.9366786646870087,0
11,1,102,1673,2,14,1,0,1,0,23,0.025253696191403274,1
12,0,22436,93,269,31,1,0,0,1,1684,2.3307307887018265,0
24,1,130,3827,5,3,1,0,1,0,45,0.2751756394193755,1
11,0,4233,640,443,28,1,0,0,1,3447,3.2666996273199516,0
15,1,34,4070,0,2,0,0,1,0,42,0.05126459911390069,1
11,0,24376,609,152,117,1,0,0,1,719,11.697098111970643,0
16,0,131,304,7,7,0,0,1,1,59,0.29251758435933095,1
10,1,88,3757,4,3,1,0,0,1,12,0.2505201184923017,1
6,0,4641,275,481,68,1,0,1,1,1836,9.79430670537513,0
7,0,17423,167,434,118,1,0,0,1,3038,6.652684004373401,0
12,1,104,1594,0,5,1,0,1,1,89,0.1450220140889933,1
11,0,48587,1037,395,96,1,0,0,0,789,9.418404992807124,0
17,0,47,1787,5,11,0,0,1,1,64,0.20394796868577342,1
8,0,85,465,6,7,0,0,0,0,32,0.39599651670285485,1
14,1,44,4207,3,8,0,0,0,0,27,0.4236347049813619,1
14,0,23328,869,539,146,1,0,0,0,842,2.4047977827012854,0
7,0,21924,1124,552,54,1,0,1,1,2449,12.409566201867818,0
6,0,48,382,0,7,0,0,0,0,81,0.11799830295461877,1
12,0,52485,779,642,88,1,0,0,1,366,5.466263279849796,0
15,0,29026,522,569,106,1,0,1,1,1664,5.105063868840282,0
12,0,32262,491,494,147,1,0,0,1,1023,5.714423170444377,0
6,0,41765,433,557,74,1,0,0,1,2728,9.52527749631947,0
14,0,53060,1153,561,61,1,0,0,1,481,3.875817790936143,0
21,0,5,1927,7,11,0,0,0,0,64,0.22377592755303094,1
13,0,13508,491,464,71,1,0,0,1,185,8.426958238063616,0
9,0,26293,1146,345,136,1,0,0,1,1839,3.012450787569441,0
6,0,60453,62,511,24,1,0,0,1,1183,4.98802193641336,0
7,0,10585,947,557,16,1,0,0,0,3616,6.057675166810783,0
13,0,61463,253,306,134,1,0,0,1,2095,4.315250635000513,0
14,0,6818,960,506,22,0,0,0,0,1777,8.70056411817521,0
5,1,47,975,11,3,0,0,0,0,28,0.3823881210625446,1
8,1,45765,863,100,142,1,0,0,0,502,4.150736732093771,0
15,0,9747,513,149,33,1,0,0,1,1086,9.224638924840487,0
5,1,95,1859,1,7,0,0,0,1,64,0.01447215837168353,1
9,1,59646,253,503,131,1,0,0,1,3599,8.812941619245592,0
22,1,11,4183,8,0,1,0,1,0,82,0.11835765292243489,1
9,0,18470,1169,280,117,1,0,1,0,582,4.753585985291569,0
8,1,36,3090,2,13,0,0,0,0,70,0.38844687410243633,1
9,0,64174,138,26,59,1,0,0,1,2791,2.0755895111905533,0
12,0,31909,898,516,137,1,0,0,0,3207,4.010217447023827,0
10,1,18830,178,65,58,1,0,0,1,1693,3.2016306391609284,0
14,0,21479,306,618,94,1,0,0,0,346,4.545727607230589,0
7,0,124,3400,8,4,1,0,0,1,38,0.06221094342594674,1
12,1,117,1998,8,3,0,0,1,0,11,0.3028768652604672,1
7,0,20581,376,470,32,1,1,0,0,2354,1.2444013320710612,0
21,1,59,2060,8,5,0,0,1,0,81,0.31425108511810196,1
20,1,110,751,0,9,0,0,0,0,29,0.17359608378110597,1
6,0,23446,827,359,30,1,0,0,0,2674,11.658650882243125,0
6,1,117,2552,11,5,0,0,0,0,20,0.20869581200305015,1
8,1,20,867,6,8,0,0,0,0,62,0.4669889870722596,1
7,1,58478,1140,156,111,1,0,0,1,3030,1.784723920260843,0
11,0,61922,1140,251,19,1,0,0,1,1086,4.54769001247966,0
10,0,35028,284,177,46,1,0,0,0,3609,1.4504027516530935,0
18,1,125,2225,11,11,0,0,1,1,29,0.26573962314091043,1
7,1,41108,1075,169,94,1,0,1,0,627,10.185090164380203,0
13,0,90,1629,4,4,1,0,0,0,38,0.419199819046095,1
8,1,2552,492,111,15,1,0,0,1,592,11.898740246782312,0
11,0,51870,1013,73,18,1,0,0,1,2138,5.004774058542129,0
19,1,138,1928,11,5,0,0,0,0,4,0.3435949982343383,1
6,1,32,1961,11,6,0,0,0,1,33,0.15090002793057755,1
11,1,103,892,8,3,0,0,0,1,18,0.4884827730633113,1
14,1,62443,469,391,114,1,1,0,0,409,10.0337282046126,0
16,1,123,2808,11,6,1,0,0,0,31,0.1798599309551348,1
11,0,36,1694,11,2,0,0,1,1,61,0.3578103584858929,1
15,0,12959,362,595,84,1,0,0,0,1814,10.890740736115138,0
14,0,39612,196,249,91,1,0,0,1,3238,2.0583512427035604,0
19,1,137,693,3,8,0,0,0,1,33,0.49290182972515245,1
11,1,24,2109,1,1,1,0,1,1,17,0.22178167274925137,1
13,0,10122,1124,427,84,1,0,0,0,3022,10.859466598811725,0
9,1,49,4393,4,5,1,0,0,0,25,0.4919531819485818,1
9,1,36,2628,10,5,1,0,1,0,26,0.32224253076029696,1
24,1,14,1000,1,8,0,0,0,1,30,0.26807769312636803,1
12,0,9418,423,90,126,1,0,0,0,1035,3.0559240596216455,0
15,0,19243,382,464,74,1,0,1,1,1314,9.995870442191292,0
16,1,113,4412,6,3,0,0,0,0,2,0.03716730444303573,1
6,1,70,3439,9,1,0,0,1,0,57,0.12712958049446527,1
20,1,55,4451,5,0,0,0,0,1,76,0.11982289247877831,1
11,0,1559,1029,189,74,1,0,0,0,3215,6.31906667929613,0
16,1,14,2424,4,0,0,0,0,0,38,0.16911548365864243,1
19,1,48,3988,4,1,0,0,1,0,42,0.4357929414312033,1
13,1,62859,340,95,32,1,0,0,1,2570,5.308993561114074,0
14,0,50431,236,158,104,1,0,0,1,1913,2.316090280805889,0
9,0,35088,803,139,62,1,0,0,1,754,5.00096644428592,0
7,1,50400,1086,483,80,1,0,0,0,853,4.3196490375843375,0
17,1,48,3647,3,6,0,0,1,0,24,0.256417681217571,1
12,1,45,4236,9,8,0,0,0,0,32,0.024039484243225107,1
11,0,58309,929,312,113,1,0,0,1,3438,10.875824484822118,0
21,1,132,3769,2,6,0,0,0,0,23,0.045888803235587916,1
20,0,12,1170,0,3,0,0,1,0,47,0.4640071183646905,1
11,0,38216,730,601,46,1,0,0,1,1911,5.8789753996770004,0
7,0,12547,989,626,119,1,0,0,1,837,3.378661500130989,0
15,0,48530,898,295,100,1,0,0,0,3592,11.196910864865071,0
7,1,65,1753,10,3,0,0,1,0,75,0.19438420643079846,1
24,1,39,1112,5,14,0,0,0,0,42,0.2686702484215906,1
11,0,80,336,2,1,1,0,0,1,69,0.34745918989075375,1
12,1,40,1035,9,4,1,0,1,0,71,0.3441692057732824,1
17,1,101,1741,8,6,0,0,0,0,20,0.05160832443949981,1
10,1,0,3816,2,8,1,0,0,0,42,0.42841767486158816,1
14,0,44583,882,293,71,1,0,0,0,627,1.9574172931240068,0
12,0,152,365,362,108,1,0,1,1,1472,10.899423423297794,0
15,0,88,441,2,6,1,0,0,1,38,0.4342785141247304,1
7,0,15398,1016,597,55,0,0,0,0,2141,5.074680632243471,0
7,0,63321,411,352,89,1,0,1,0,1965,4.847803824166429,0
6,0,33189,590,508,17,1,0,0,1,1366,1.6762997116811564,0
6,0,60162,496,575,148,1,0,0,1,3430,3.169349067065376,0
6,0,31108,87,100,33,1,0,0,0,1863,5.7274336873488725,0
7,0,63151,592,70,32,1,0,0,1,2831,10.364545089002164,0
10,0,12513,358,22,67,1,0,1,1,1050,8.315300966016727,0
8,1,142,3826,2,3,0,0,0,1,77,0.22241967967026477,1
13,0,54255,476,354,142,1,0,1,0,2712,8.235309901158397,0
21,0,82,974,7,14,1,0,0,0,66,0.21783603306114518,1
7,0,57782,1092,530,66,1,0,0,1,181,7.3937567342945485,0
7,1,28,4238,0,14,1,0,0,0,49,0.31443644849408775,1
7,0,40238,1120,350,128,1,1,0,0,1518,2.3325793000645922,0
18,1,116,2205,8,4,1,0,0,0,1,0.028547168953971858,1
10,0,3564,326,119,140,1,0,1,0,1188,10.126005619242152,0
6,0,5072,236,84,87,1,0,0,1,1632,11.934491605453907,0
10,0,21973,436,40,145,1,0,1,1,2994,5.901593661752065,0
15,1,35383,459,267,101,1,0,0,0,1326,10.478696975130285,0
6,0,2801,101,478,149,1,0,0,0,3216,9.277872508464624,0
13,1,91,4385,1,14,0,0,1,1,87,0.23611321287810216,1
14,0,43231,566,574,62,1,0,0,0,194,9.95435433548556,0
10,0,13956,135,485,88,1,0,0,1,107,8.95600623033087,0
7,0,41362,842,495,66,1,0,0,1,529,11.253539096201427,0
11,0,30957,711,505,106,1,0,0,0,611,2.568218670128529,0
12,1,81,3387,8,10,0,0,1,1,60,0.1589523368866418,1
20,1,99,4173,0,8,0,0,0,0,70,0.004388605973964732,1
15,1,23098,679,543,128,1,0,1,1,3116,3.533598763706559,0
5,1,142,1346,7,11,0,0,0,1,77,0.1313604717806514,1
6,1,122,761,8,3,0,0,1,1,84,0.13260426849841456,1
11,1,124,3148,2,3,1,0,1,1,62,0.15346553649061628,1
13,0,4875,393,100,74,1,0,0,1,145,12.13627714800421,0
22,0,20,548,11,14,0,0,1,0,17,0.4187247975417309,1
21,1,0,2956,10,5,1,0,0,0,13,0.44987153920443584,1
11,0,27481,260,33,93,1,0,1,1,1295,10.378306786278843,0
7,0,19763,824,558,98,1,0,0,1,158,12.352124970665798,0
14,0,11800,241,536,133,1,0,0,0,1412,4.51854347095033,0
7,1,13813,542,602,119,1,0,0,0,1149,4.975072556821674,0
6,1,56385,541,379,148,1,0,0,1,2845,10.856586409036018,0
15,0,42446,1173,605,91,1,0,0,1,3237,11.83175809121008,0
8,1,140,712,7,4,0,0,1,1,14,0.09472171658370138,1
6,1,66,541,8,8,0,0,0,0,44,0.4393732618384649,1
13,0,7839,466,43,145,1,0,0,0,1827,12.377781057336884,0
18,0,34,4179,0,12,1,0,1,0,56,0.009583943762488889,1
15,0,54587,379,499,124,1,0,1,1,2406,2.4495448138758515,0
23,1,134,3637,2,10,1,0,0,0,27,0.09375222855949017,1
7,0,62185,890,187,65,1,0,0,1,2994,7.587765247479998,0
15,0,57,1411,7,10,0,0,1,0,29,0.30509800449291724,1
17,0,75,3078,0,8,0,0,0,0,30,0.22753781776019222,1
19,1,124,4253,4,0,0,0,1,1,25,0.49663259821487327,1
23,1,141,2761,4,9,0,0,0,0,54,0.1423001911523405,1
5,0,36,2381,8,8,0,0,0,0,58,0.02395693395666687,1
10,0,162,338,449,28,1,0,1,1,1981,3.9553818265641265,0
7,0,34,3770,5,9,0,0,0,0,19,0.4661740708168554,1
14,1,24228,425,157,94,1,0,1,0,1572,2.7939757342629568,0
7,1,103,2476,9,12,0,0,1,0,27,0.4118227973765454,1
8,0,27052,946,484,121,1,0,0,1,416,3.6485590738709375,0
7,0,36,3819,3,10,0,0,1,1,6,0.3717175869780972,1
7,0,10205,1035,333,16,1,0,0,0,904,9.046221545646562,0
21,1,77,4378,5,4,0,0,0,1,49,0.3733016023221019,1
7,0,1305,908,317,34,1,0,0,0,2299,11.571168704368295,0
10,0,52718,257,38,145,1,1,1,1,3002,8.512903040734619,0
9,1,22569,1038,454,68,1,0,0,0,318,10.593962005523322,0
7,1,10,2452,6,4,0,0,0,0,84,0.08530056231082217,1
12,0,54247,843,580,70,1,0,1,1,357,5.64043451499451,0
11,1,14,2010,3,8,0,0,0,0,88,0.49915937828547835,1
6,0,60926,1034,147,62,1,0,0,1,2163,1.9122802732473057,0
8,1,118,646,6,10,1,0,0,0,67,0.46482480385066416,1
8,1,118,138,8,4,0,0,0,0,71,0.051878171767928194,1
9,1,5,122,3,7,1,0,0,0,25,0.13124250395029552,1
16,1,89,3183,7,3,1,0,0,1,85,0.37588539384148906,1
24,0,92,1180,10,14,0,0,0,0,77,0.3385724833358346,1
8,1,130,823,6,14,1,0,0,0,64,0.4475382795809225,1
21,1,91,2508,2,0,0,0,1,1,34,0.20118652536123383,1
22,1,13,3589,1,4,0,0,0,0,24,0.26124840444529424,1
9,1,133,789,0,4,0,0,1,0,47,0.13699439077150904,1
7,0,9022,1008,431,115,1,0,0,0,443,11.062598473397705,0
8,1,88,1542,6,6,0,0,0,1,88,0.4977554840079332,1
5,1,128,2367,7,9,0,0,0,0,85,0.291266888720368,1
22,0,118,3939,11,3,0,0,0,0,79,0.1621644395684833,1
11,1,115,1482,5,2,0,0,0,1,24,0.2886080365044751,1
15,1,28411,693,74,41,1,0,0,1,1763,5.819933377493272,0
11,0,43506,752,452,57,1,0,1,1,803,11.804621200308757,0
12,0,28437,967,430,96,1,0,1,0,1940,11.591518639462233,0
13,0,12,4325,4,10,0,0,1,0,88,0.2015156556413683,1
12,0,19494,1028,18,149,1,0,0,0,3554,12.329797919370757,0
10,0,58371,858,330,56,1,0,0,1,1087,10.353783182990272,0
10,0,30870,1149,463,74,1,0,0,0,120,7.960086686326432,0
9,0,149,745,7,4,1,0,0,0,21,0.16116241223471245,1
10,0,46396,1014,452,50,1,0,0,1,2145,6.0214159809585945,0
6,0,44963,846,498,65,1,0,0,1,1539,7.9082741477489575,0
17,1,68,326,1,6,1,0,0,0,38,0.03870577599237529,1
24,0,137,2872,2,9,0,0,0,0,39,0.4045974018283706,1
12,1,76,1005,11,10,0,0,0,0,81,0.13255662520757439,1
7,0,12363,334,485,43,1,0,1,0,2712,2.3902730049680967,0
12,1,27,2279,7,10,0,0,1,0,82,0.24802136300829153,1
8,0,3496,734,246,101,1,0,0,1,1772,4.718883789007122,0
14,1,124,2356,7,10,0,0,0,0,55,0.25704096038309265,1
8,0,56139,355,359,92,1,0,0,1,1357,8.615376291619516,0
13,0,7596,430,210,29,1,0,0,1,2196,6.974353828053832,0
8,1,118,2407,9,9,0,0,0,0,54,0.20057398474589877,1
11,0,42464,547,242,142,1,0,0,1,231,9.287144225385118,0
9,0,28513,348,500,45,1,0,0,0,534,1.675106195658175,0
9,0,16368,1050,334,55,1,0,0,0,2944,6.446210549231119,0
8,1,57,660,7,5,0,0,0,0,43,0.10300283927601994,1
15,0,22730,131,641,25,1,0,0,0,1199,9.21535953636843,0
11,1,149,3824,1,12,0,0,0,0,71,0.1211285787923837,1
13,0,45140,951,378,105,1,1,0,0,949,3.177464164881599,0
15,0,34620,775,602,64,1,0,0,1,3442,5.899856822139691,0
24,1,106,3062,1,0,0,0,0,0,66,0.4331135152893384,1
6,1,35543,510,160,148,1,0,0,1,728,2.6357357985417202,0
20,0,3,560,0,1,1,0,0,1,36,0.42239879059407304,1
16,1,72,2074,3,12,1,0,0,0,87,0.0426341708058387,1
14,0,54061,688,506,96,1,0,0,0,2824,11.67009540110277,0
14,0,147,2166,9,4,0,0,1,0,63,0.21611552975225412,1
5,1,12,369,0,0,0,0,1,0,77,0.24959322546666524,1
15,0,35674,852,276,109,1,0,1,1,617,9.143511998054471,0
17,1,122,3790,1,8,1,0,1,0,76,0.43480822886613085,1
13,0,106,3850,7,9,0,0,0,1,11,0.2963480333214389,1
14,0,8149,1160,226,41,1,0,0,1,1278,8.82381610986173,0
15,1,94,955,4,2,0,0,1,0,79,0.06232371449640667,1
7,1,62513,249,210,56,1,0,1,1,2053,4.5660025462075655,0
23,1,81,1819,4,7,1,0,0,0,55,0.33346770877860854,1
5,1,25,4076,7,10,1,0,0,0,56,0.12127213829148537,1
20,1,58,2910,9,13,0,0,1,1,24,0.0880123775205669,1
12,1,126,622,0,13,0,0,0,0,41,0.39410046493335305,1
14,1,36119,983,209,134,1,0,1,0,1232,7.341938475627598,0
9,0,27935,792,506,126,1,0,1,0,1400,5.325016336280083,0
7,1,129,4319,4,7,0,0,1,0,35,0.4919654700712011,1
7,1,50,2179,2,2,0,0,0,0,12,0.4657394962983403,1
7,0,61023,431,91,65,1,0,1,1,2447,1.8027438419585737,0
12,1,81,3568,3,14,1,0,1,0,74,0.4259229629194439,1
18,0,46,443,10,8,1,0,1,0,72,0.4291652158904624,1
14,0,49030,885,624,107,1,0,0,1,1388,10.59753245391344,0
19,1,93,2730,0,13,0,0,0,0,15,0.24177492539518453,1
12,0,36309,887,55,46,1,0,0,1,3622,8.794553613848512,0
16,0,146,3169,8,14,0,0,1,0,51,0.309873927245783,1
11,1,2,994,3,10,1,0,0,1,59,0.3271102310145065,1
21,1,31,2248,0,12,0,0,0,0,34,0.4807072702118195,1
16,1,57,2393,5,11,0,0,0,1,65,0.2334390495615522,1
15,0,25342,632,449,41,1,0,0,1,1775,8.866638104571916,0
9,0,57307,517,29,70,1,0,1,0,2547,8.841441205957395,0
22,1,108,3009,7,4,1,0,0,0,52,0.10405301729818639,1
12,0,69,337,11,12,1,0,0,1,39,0.40653139860706006,1
6,1,23154,874,202,146,1,0,1,0,725,10.334520998998029,0
7,0,30310,893,416,54,1,0,0,1,3096,5.2153387028808815,0
14,0,37158,345,566,135,1,0,0,1,716,10.484606547958851,0
23,0,27,1779,7,7,0,0,0,0,89,0.43033391089444256,1
12,1,48,1225,7,2,0,0,0,0,38,0.1302015543939542,1
6,1,16,492,2,3,0,0,1,0,16,0.2565949458549149,1
18,1,140,2561,9,6,0,0,1,0,43,0.4413077287586229,1
14,1,13,3237,7,6,0,0,0,0,81,0.0532058814514223,1
8,1,146,4059,5,5,1,0,1,0,52,0.4847454497030891,1
9,1,56,2683,11,3,1,0,1,1,46,0.38016411070206885,1
23,1,13,2185,2,11,0,0,0,0,47,0.15483443520064627,1
21,0,95,1476,5,11,1,0,0,0,87,0.12207378025345361,1
14,0,56627,665,180,67,1,0,1,1,3576,3.0605979772931344,0
5,1,119,2594,4,7,1,0,1,1,86,0.16940651080242408,1
24,1,36,1733,11,10,0,0,1,0,37,0.4396622316812803,1
9,1,20610,839,477,109,1,0,0,0,1783,9.919849601311427,0
12,0,32734,975,405,66,1,0,0,1,850,5.440224797215138,0
11,0,16355,936,138,73,1,0,0,0,1228,9.382736560808754,0
7,1,7460,702,384,139,1,0,0,0,2907,4.842366423345353,0
11,0,5810,1069,359,82,1,0,0,0,2612,5.70464708771914,0
14,0,26858,565,188,130,1,0,0,1,3181,2.6773025558737045,0
12,0,56047,336,271,100,1,0,0,1,1622,8.87415579408394,0
14,1,28090,849,61,79,1,0,0,0,1965,3.0705488074406864,0
18,1,38,3329,0,11,0,0,0,0,55,0.40428526707369516,1
8,0,35109,675,263,140,1,0,0,1,3283,8.869459569233499,0
14,0,21807,306,67,126,1,0,0,0,1210,9.202064880963695,0
19,1,6,3448,6,12,1,0,1,1,57,0.21599468573172043,1
6,0,35607,170,109,66,1,0,1,1,3584,10.876182391892122,0
14,0,52985,1115,168,66,1,0,0,1,431,5.007702102669177,0
12,1,25,2620,2,8,0,0,1,1,2,0.08031680630927535,1
8,1,99,4166,2,11,0,0,0,0,6,0.029525072229135974,1
10,0,43878,945,516,66,1,0,0,0,2774,5.712081593091381,0
7,0,47811,436,294,136,1,0,0,1,1890,4.697950814249954,0
13,1,68,2749,5,9,0,0,0,1,75,0.47426016375695756,1
10,1,149,3113,0,0,0,0,0,1,85,0.47389803300722855,1
6,1,72,1713,8,9,1,0,0,0,57,0.36500086054043074,1
9,1,7,237,5,10,0,0,1,0,78,0.1303543870664261,1
5,1,131,1816,2,4,0,0,0,0,67,0.339852389288417,1
15,0,61527,289,606,109,1,0,0,1,1753,10.112156650315091,0
19,0,142,2390,2,6,1,0,0,0,14,0.4734400981705118,1
12,0,25855,909,441,138,1,0,0,1,2454,5.037176495652317,0
19,1,86,4067,8,9,1,0,0,1,9,0.059765434773538906,1
10,1,15809,530,517,55,1,0,0,1,1132,10.013572886993206,0
6,0,6302,561,350,29,1,0,0,1,789,2.4553984599596927,0
12,0,56883,1036,151,95,1,0,0,0,552,6.798688879803272,0
13,0,55855,863,285,56,1,0,0,1,1717,8.992077844887204,0
15,0,46634,757,463,23,1,0,1,1,3406,5.584956751660082,0
22,1,24,3343,1,9,1,0,0,0,7,0.04848938125804769,1
8,0,10245,1096,36,102,1,0,0,1,3458,7.58238442627386,0
10,0,4,3930,4,7,0,0,0,0,51,0.4530687680637397,1
17,1,38,172,10,8,0,0,0,0,87,0.25268262825296484,1
12,1,137,945,4,11,0,0,1,0,7,0.47727692120875,1
7,0,49,3811,0,9,0,0,1,0,86,0.4465568706612363,1
22,0,44,463,3,14,1,0,0,0,64,0.4254759497034,1
14,0,16241,539,439,86,1,0,0,0,702,12.485875388621881,0
12,1,101,3347,1,9,0,0,1,0,75,0.4605719400904209,1
14,0,59,4360,11,11,0,0,0,0,51,0.22696306821089796,1
15,1,142,3837,1,5,1,0,1,1,18,0.193348224993731,1
20,1,50,3090,11,6,0,0,0,0,60,0.334001625371507,1
24,1,76,872,10,9,0,0,0,0,83,0.24370315155040378,1
16,1,117,1798,11,13,0,0,0,0,74,0.38728604158718244,1
7,0,10232,931,101,64,1,0,0,1,1515,2.7779583313682945,0
21,0,72,3040,10,7,0,0,1,0,71,0.2869645680614911,1
16,1,25,930,2,5,1,0,0,0,52,0.11620202310720656,1
10,0,19701,190,470,111,1,0,0,0,2348,3.0882309917516633,0
13,1,97,4359,3,1,0,0,0,0,54,0.09346571472072346,1
12,1,78,1148,5,7,1,0,0,0,79,0.10757781081202777,1
17,0,120,4464,0,4,0,0,0,0,9,0.49738747728695304,1
23,1,62,2630,1,0,1,0,0,0,42,0.21432213960426588,1
21,1,8,524,7,14,1,0,0,0,7,0.30144644130271764,1
11,0,24993,535,277,89,1,0,0,0,2130,3.037699748367603,0
9,0,64276,713,174,129,1,1,0,0,447,2.551823966531595,0
9,0,21836,989,107,91,1,0,0,0,3458,1.2423195702375183,0
9,0,44713,1170,482,48,1,0,0,0,2918,5.6978878673762825,0
12,0,10281,482,501,142,1,0,0,1,247,11.383831459649018,0
12,0,108,789,11,13,0,0,0,1,78,0.06454309757123089,1
19,1,107,364,5,9,1,0,0,0,51,0.17165048459787047,1
15,0,55567,181,205,102,1,0,0,1,2950,11.78554562960992,0
6,0,34566,786,575,148,1,0,1,1,1204,5.231797688900761,0
17,1,120,4255,0,5,0,0,1,0,3,0.06965974118902318,1
7,0,79,3997,2,4,0,0,0,0,70,0.3047529455024916,1
13,0,11,2190,2,1,1,0,0,1,69,0.010822780673491794,1
24,1,122,2395,4,14,0,0,1,0,2,0.2467033502066976,1
11,1,67,2917,4,13,0,0,1,1,8,0.25831379592713766,1
12,1,118,3079,10,9,0,0,1,1,40,0.3736487787799284,1
7,0,36640,1058,185,125,1,0,0,0,1104,4.670794437146459,0
9,1,112,3431,9,4,1,0,0,0,14,0.14897746565843273,1
10,0,49798,899,340,58,1,0,0,0,3169,2.958170665550589,0
12,0,21755,104,492,95,1,0,0,1,3320,3.151028632402764,0
12,0,50032,613,273,90,1,0,0,0,2455,9.76153106761359,0
5,1,138,2053,3,10,1,0,0,1,78,0.2712866634829778,1
7,1,9,3704,8,12,0,0,1,0,87,0.270681319198066,1
9,0,52843,433,637,66,1,0,0,0,1604,6.313978888822084,0
20,1,22,2825,4,11,0,0,1,1,32,0.1709328843990755,1
23,0,107,2425,8,1,1,0,1,0,71,0.039802538496252815,1
8,0,6916,123,307,29,1,0,0,0,1158,11.249143379258868,0
21,1,21,3459,3,14,1,0,0,0,34,0.4711857197342073,1
20,1,40,2316,6,0,0,0,1,0,61,0.03195047102418691,1
17,1,14,771,0,14,0,0,1,0,89,0.37846382967072073,1
15,0,3838,252,162,97,1,0,0,0,1895,11.53873049000435,0
5,1,19,1936,4,13,0,0,0,0,62,0.06852640141407773,1
17,0,28,1738,9,3,0,0,1,0,65,0.47697260624688803,1
6,0,18997,796,484,136,1,0,0,0,2641,3.6303076275550925,0
6,1,44,3459,2,6,1,0,1,0,1,0.027853418057622592,1
11,0,62032,903,26,143,1,0,1,0,2445,1.75699958896899,0
8,1,10,2501,11,7,0,0,1,0,78,0.3425872566388903,1
9,0,92,2461,5,8,0,0,1,0,71,0.2534998100716737,1
8,0,12936,106,45,123,1,1,1,1,2821,1.4391510979970323,0
16,1,84,2197,3,14,0,0,0,0,43,0.25913986034435554,1
8,1,5537,183,177,137,1,0,0,1,3073,2.46334419494349,0
16,0,25,3162,9,7,0,0,0,1,11,0.03748002173500653,1
12,0,16020,313,243,24,1,0,0,1,2067,3.9075911019187197,0
24,1,17,4368,8,3,1,0,1,1,87,0.2377318030845602,1
16,1,145,1111,7,9,0,0,0,0,4,0.486396850828222,1
6,1,41730,895,255,18,1,0,0,0,3366,5.9172536033592795,0
22,0,124,1383,4,10,0,0,0,0,1,0.4832794592775716,1
23,0,20,875,11,0,0,0,1,0,23,0.22511814333630864,1
11,1,29658,1183,618,72,1,0,1,1,2301,10.604151353594132,0
12,0,57831,1185,69,139,1,0,0,1,1931,11.403912262211907,0
13,0,96,4484,7,2,1,0,0,1,31,0.12668969941466723,1
8,0,63340,738,109,74,1,0,1,1,2912,2.3349767218402158,0
15,1,100,1332,3,9,0,0,0,1,2,0.2586047138467647,1
14,1,124,1815,1,11,1,0,1,1,52,0.10886444984146676,1
15,0,63657,288,316,52,1,0,0,0,2194,6.643208169539453,0
17,0,133,3074,10,12,0,0,1,0,49,0.17933068151322956,1
16,0,46,1113,2,14,1,0,0,0,49,0.13913383040938482,1
7,1,48115,634,469,107,1,0,1,0,924,4.684412298145106,0
6,0,36539,337,517,139,1,0,0,0,3226,2.0064472569499947,0
18,1,31,1356,6,12,0,0,0,1,21,0.04527973380046024,1
9,0,40089,762,446,122,1,0,0,0,1501,1.864394986954399,0
6,1,2661,987,155,59,1,0,0,0,2593,5.927568684491681,0
12,1,49128,257,543,146,0,0,1,1,1701,2.410870675274235,0
11,0,39569,696,332,94,1,0,0,1,276,2.6908070310180627,0
11,1,46,787,2,8,1,0,1,1,36,0.36372619564306025,1
10,1,47933,508,645,149,1,0,1,0,3505,5.558598854199527,0
7,0,48656,1040,604,15,1,0,0,1,525,10.673217372705253,0
13,1,12270,343,172,35,1,1,1,1,967,11.776293237133219,0
8,0,21664,1157,128,79,1,0,1,1,486,10.152112523856394,0
13,1,53,771,3,0,0,0,1,0,44,0.31075936201702425,1
16,1,20,2691,6,5,1,0,0,0,21,0.06243503845296133,1
8,1,13685,737,414,22,1,0,1,0,2667,6.939204567703437,0
13,1,61,469,1,0,0,0,1,0,38,0.35644118467236824,1
8,0,27478,193,222,131,1,0,0,1,1087,7.852185409996983,0
15,1,105,3819,4,5,1,0,1,1,7,0.23612424947257926,1
16,1,108,1233,3,2,0,0,1,0,43,0.24405877171686746,1
11,0,59,3142,5,8,0,0,1,0,22,0.49840459034055445,1
17,1,48,2058,0,1,0,0,0,1,33,0.08271007606420466,1
15,0,10119,915,246,26,1,0,1,0,1091,5.052355423870622,0
17,1,69,255,6,12,1,0,0,1,18,0.4558164568542378,1
6,0,5,1649,3,13,1,0,0,1,84,0.375165387909978,1
7,0,12968,173,638,49,1,0,1,1,2930,11.566912136690863,0
20,0,45,2759,4,6,0,0,0,0,44,0.3105531624551015,1
10,0,40549,72,298,91,1,0,1,0,3215,8.364770743865929,0
11,1,93,107,6,12,1,0,1,1,81,0.2863802664775434,1
15,0,2035,95,459,31,1,0,0,1,803,3.832585996481842,0
16,1,131,2526,2,1,1,0,0,0,19,0.4346761504961737,1
10,0,45637,198,161,64,1,0,1,1,2392,9.5624061783212,0
11,1,63,261,5,8,0,0,0,0,49,0.3612056922317723,1
18,0,123,936,3,12,1,0,0,0,80,0.2846489670673976,1
11,0,12,3161,8,5,0,0,0,0,31,0.11567882112970451,1
23,1,113,531,10,13,1,0,1,1,3,0.04574375919372936,1
14,0,12666,375,508,18,1,0,0,0,3418,3.8974759284662186,0
23,1,122,197,10,12,0,0,0,0,72,0.048509109118544724,1
13,0,31535,122,417,145,1,0,0,1,1108,4.4392495074539555,0
10,0,51794,408,379,29,1,0,1,1,2452,11.970906182373474,0
6,1,87,4195,0,4,0,0,1,0,74,0.41027232387299356,1
13,1,48,3752,4,4,1,0,0,0,48,0.28608598089188486,1
11,1,26,519,3,4,0,0,0,0,63,0.038741486896192945,1
10,0,60081,917,378,149,1,0,1,0,137,3.375588044450976,0
23,1,117,1881,7,0,0,0,0,0,86,0.19829528719316486,1
11,1,16,3779,2,6,0,0,1,1,68,0.15515355789584873,1
8,0,24872,1104,150,43,1,0,0,1,2615,11.980378586546815,0
8,1,109,4026,4,10,0,0,1,1,71,0.26077549195548355,1
6,0,48078,501,280,75,1,0,0,0,2060,6.130768495630813,0
14,0,8899,669,363,141,1,0,1,0,1417,11.053936003724393,0
7,1,121,785,10,3,1,0,0,0,61,0.06461190005137468,1
22,0,76,3238,3,10,0,0,0,1,80,0.15090468483134684,1
11,0,100,2239,11,14,1,0,1,0,22,0.3986971789538893,1
14,0,142,1955,1,11,0,0,1,0,88,0.1614948415884342,1
15,0,55429,539,547,116,1,0,1,1,3485,6.464345788268964,0
18,1,65,1504,0,10,0,0,0,1,17,0.0038833210769843585,1
14,0,7337,437,219,27,1,0,0,1,2997,7.025681033049107,0
22,1,143,1167,0,6,0,0,1,0,85,0.06984618630146933,1
10,0,43256,515,387,118,1,0,1,0,1265,2.1174219936698724,0
8,0,41215,385,310,86,1,0,0,1,2630,3.529451611165854,0
9,1,51,3967,7,13,0,0,0,0,12,0.1715258662598253,1
10,1,75,3290,0,8,0,0,1,1,27,0.03446393906732431,1
13,0,5272,513,115,40,1,0,0,0,926,6.95447133068249,0
11,1,14,3291,0,6,0,0,0,1,53,0.08783604997795535,1
9,0,59,2662,4,6,0,0,0,0,81,0.2664135187006971,1
9,1,41,3024,4,9,1,0,0,1,73,0.012492041140924726,1
13,1,75,1768,0,9,1,0,0,0,50,0.1451275526862647,1
8,1,60958,1188,528,121,1,0,0,0,311,2.574285172062038,0
21,1,62,1220,7,5,0,0,1,0,26,0.004771676533613323,1
13,0,16078,516,136,76,1,0,1,1,2034,7.567216354085227,0
6,1,71,2379,0,11,0,0,1,0,64,0.0035710408841225227,1
23,1,83,382,1,12,1,0,0,1,8,0.2570116849382549,1
10,0,64995,656,561,19,1,0,0,0,3482,6.078400800800706,0
15,0,951,832,502,99,1,0,0,0,1136,5.704176188718551,0
17,1,33,2775,3,2,1,0,0,0,17,0.3747727821105426,1
19,1,45,3078,2,1,0,0,1,0,56,0.31727823387076237,1
14,0,18355,1163,257,119,1,0,0,1,2831,2.6398548519612097,0
5,1,96,1035,6,7,0,0,1,1,85,0.41634687317471003,1
24,1,83,880,4,5,1,0,0,0,79,0.468819889978951,1
14,1,48,459,0,7,0,0,0,0,44,0.4760719585381757,1
11,0,37558,954,450,148,1,0,0,1,2986,4.674322555278845,0
23,1,83,3129,11,1,1,0,1,1,75,0.2539743459532041,1
9,0,29102,53,46,67,1,0,0,1,2029,2.686749044231866,0
8,0,25888,372,617,77,0,0,0,0,1825,7.47725145586896,0
15,0,41251,687,310,62,1,0,0,1,1838,8.24477926590998,0
9,0,44,3371,10,0,1,0,0,0,68,0.3829342128312658,1
11,1,39,2607,5,8,0,0,0,0,66,0.3596172095220734,1
18,1,78,556,7,7,1,0,1,0,42,0.24461362737495962,1
11,0,11444,406,458,72,1,1,0,0,1147,4.246047133752793,0
5,1,84,3931,1,7,0,0,1,1,76,0.016505967950163625,1
6,0,33457,442,243,139,1,0,1,0,2106,11.325120528172421,0
11,0,30933,635,495,94,1,0,1,0,800,3.7429565091994528,0
10,0,20211,215,490,121,1,0,0,0,3456,10.772879264135117,0
20,1,24,1954,1,10,1,0,0,1,14,0.137585056244034,1
20,0,43,1617,11,5,0,0,1,0,9,0.2571135056329888,1
23,1,132,3059,1,14,1,0,0,1,4,0.051183542291604656,1
9,0,8227,327,356,77,1,0,0,1,340,5.987732617595959,0
14,0,7003,838,103,127,1,0,1,0,3290,3.2640924520842542,0
7,0,7762,1035,232,49,1,0,0,0,1178,7.394702632551313,0
8,0,35795,1024,575,102,1,0,1,1,2389,8.449744339885628,0
5,1,28,1751,1,13,1,0,0,0,7,0.31781599932001997,1
7,0,14424,109,54,19,1,0,0,0,3556,5.506535383893596,0
6,0,41119,914,555,35,1,1,0,0,382,4.750929181644406,0
9,0,44,2271,8,0,0,0,0,0,6,0.22898160724476774,1
20,1,98,2038,11,11,0,0,0,0,27,0.2183789089235375,1
21,1,36,746,4,10,1,0,1,1,51,0.4478631777575573,1
15,1,26108,1182,464,85,1,0,0,1,2538,10.928514453139265,0
7,0,1462,984,141,59,1,0,0,1,243,4.6578689888610585,0
17,1,75,1549,4,1,1,0,0,1,22,0.06676711658037471,1
9,1,85,2710,5,2,0,0,0,0,45,0.013540566835025525,1
7,0,3039,588,237,62,1,0,1,0,923,6.9219999110601425,0
5,1,71,2949,3,5,0,0,0,0,59,0.026240855049863787,1
16,1,24,1116,5,3,0,0,1,1,50,0.27366234216974306,1
10,0,10541,615,258,51,1,0,0,1,2305,10.398786768562156,0
10,0,55823,119,202,33,1,0,0,0,1014,11.410220131779285,0
22,1,26,954,2,9,1,0,1,0,18,0.027722617851920706,1
18,0,30,4237,5,4,1,0,0,1,59,0.4760478258264619,1
17,1,96,3968,11,5,0,0,1,0,62,0.35274501233655836,1
13,0,23041,1145,470,48,0,0,1,1,178,3.809626059194292,0
5,1,147,4182,4,8,0,0,0,1,58,0.09103156444092769,1
13,0,54695,626,225,58,1,0,1,1,1321,8.246973204459085,0
19,0,118,2910,10,13,0,0,1,0,46,0.38885874453627534,1
9,0,27907,787,281,148,1,0,0,0,3394,6.8785847817287085,0
9,0,31981,650,635,59,1,0,0,1,2360,12.109987924189655,0
14,0,8360,306,158,140,1,0,0,0,1704,8.078169065075649,0
10,0,22562,587,306,132,1,0,1,0,3244,5.444830711070909,0
15,0,18719,689,555,102,1,0,0,1,466,4.29681254395389,0
21,1,99,2500,2,2,0,0,1,1,74,0.14189897152077457,1
12,0,40762,188,205,71,1,0,0,0,1022,3.6837480451697386,0
11,0,10117,81,588,84,1,0,0,1,713,4.983883546288487,0
22,1,73,2031,0,9,1,0,1,0,48,0.39454805582437835,1
8,1,101,4020,0,8,0,0,0,0,33,0.35722984194289087,1
15,0,42026,954,95,30,1,0,1,1,3239,3.6349464054769935,0
13,0,62689,542,158,79,1,0,0,0,406,12.463091604326511,0
14,1,10002,172,255,125,1,0,0,1,1050,9.045304634725252,0
11,1,125,2548,11,13,1,0,0,0,49,0.4080461764571307,1
16,0,30,4383,3,1,1,0,1,0,88,0.21932450921799224,1
17,1,112,4461,8,11,0,0,0,0,13,0.3105931610970416,1
6,0,37161,134,322,114,1,0,0,0,1814,12.474963582366732,0
15,0,54557,795,189,23,1,0,0,0,539,5.402019303263967,0
19,0,105,1677,0,10,0,0,1,0,86,0.35786796320539765,1
9,1,17426,386,17,83,1,0,0,0,2380,8.481676633785083,0
12,0,38559,60,555,80,1,0,1,0,224,2.0222148515077865,0
13,1,140,3665,5,8,0,0,0,1,88,0.14462195140983408,1
23,1,104,1465,2,2,1,0,1,0,40,0.40338678482438367,1
10,0,62641,422,339,20,1,0,1,0,2018,8.97421944321747,0
12,1,60773,373,559,17,1,1,0,1,2823,2.8641940360310922,0
14,1,67,4323,11,9,0,0,0,0,58,0.11779411412233876,1
10,0,7672,784,49,78,1,1,0,1,3288,11.648121615362582,0
15,1,135,2091,0,0,1,0,1,0,13,0.005958991489121046,1
8,1,15187,1026,367,86,1,0,0,1,2584,2.8325753715190407,0
7,0,56326,112,517,106,1,1,0,1,3135,6.775920355894947,0
12,0,33663,834,249,67,1,1,1,1,3267,6.5138135379577315,0
7,1,66,4311,6,3,0,0,1,0,56,0.10073196052676647,1
14,1,33,4086,4,11,0,0,0,1,84,0.22463407923281836,1
12,0,32219,847,320,39,1,0,0,0,645,3.237278475956739,0
20,0,118,1495,10,7,1,0,0,1,10,0.16428531636614713,1
16,0,90,1623,8,11,0,0,0,1,9,0.13577522758874283,1
21,1,83,671,2,2,0,0,1,0,54,0.48663044151524587,1
5,1,68,2561,7,11,0,0,1,0,48,0.13277879900620682,1
10,1,18,1198,7,10,0,0,1,0,26,0.24178729285193373,1
16,0,104,697,2,6,0,0,0,0,56,0.01619456888799753,1
12,1,4542,672,352,114,1,0,0,1,3522,10.303697255606576,0
15,1,97,3353,7,1,0,0,0,0,2,0.4995247490518225,1
13,0,3353,461,214,42,1,0,0,0,1476,5.080765644620272,0
5,0,67,346,8,11,0,0,0,1,44,0.3434707175017552,1
13,0,43155,216,176,63,1,0,0,1,2238,3.9649539257929804,0
15,0,15005,414,83,124,1,0,0,1,674,1.8620770311245303,0
11,1,49174,1156,636,82,1,0,1,0,1493,5.750875779496718,0
9,1,38524,521,225,113,1,0,0,1,460,4.45369655433699,0
12,0,30052,686,159,36,1,0,0,1,2205,5.57485595281001,0
7,0,34461,649,186,149,1,0,0,1,3045,3.061573733504973,0
7,0,63883,500,325,65,1,0,1,0,1315,6.330825145487906,0
5,0,52,2644,8,3,1,0,0,0,30,0.14771101815688248,1
21,1,79,4383,10,8,0,0,0,0,9,0.46891289999253355,1
6,0,75,1968,1,1,1,0,0,0,22,0.2095680872210275,1
12,0,43370,286,415,73,1,0,0,1,2770,11.677075666416673,0
5,0,88,797,4,11,1,0,1,1,45,0.1904451813123313,1
7,0,27749,785,245,139,1,0,0,1,2059,5.959462592026917,0
15,0,37062,766,424,96,1,0,0,1,3275,12.200850035760945,0
8,1,45934,1075,203,142,1,1,0,1,2082,5.880466263642471,0
5,1,102,1740,10,5,0,0,0,1,69,0.17887738164685713,1
16,1,63,2347,9,4,0,0,0,0,44,0.17594241717350323,1
9,0,13,1984,11,9,1,0,1,1,68,0.11950726733297168,1
17,1,53,3076,2,6,0,0,0,0,10,0.26352507824628185,1
19,1,37,732,10,5,1,0,1,0,58,0.11015954931098376,1
20,1,110,641,2,14,0,0,0,0,76,0.3583031494800155,1
9,0,6922,1184,613,48,1,0,0,0,1129,8.996649837201492,0
6,0,22472,966,512,77,1,0,0,0,3522,5.696917233442193,0
11,0,34563,457,214,146,1,0,0,0,1432,6.600013553879552,0
13,0,37439,768,451,103,1,0,0,1,2498,7.76650056508623,0
13,0,64372,541,495,107,1,0,0,1,2711,2.49708494886492,0
15,1,104,2663,5,1,0,0,0,0,19,0.11004503302363622,1
6,1,18,940,2,9,0,0,0,0,3,0.2620981355316537,1
14,0,43421,96,633,145,1,0,1,1,374,10.682074115099661,0
20,1,122,3093,11,8,0,0,0,0,79,0.29381349330755435,1
11,0,32,2589,2,13,1,0,1,0,70,0.39259494221142066,1
15,0,56281,1036,264,148,1,0,0,0,548,6.799253703836213,0
10,0,19407,130,382,129,1,0,0,1,2280,4.05599215685752,0
13,1,144,642,4,0,0,0,1,0,18,0.10174399727765626,1
7,0,20121,66,321,85,1,0,0,0,2854,11.929298378652527,0
17,0,1,233,7,0,0,0,0,0,62,0.1910664544129939,1
14,0,50171,123,516,87,1,0,1,0,811,4.359416386912522,0
21,1,49,1824,8,14,0,0,0,0,89,0.4362599759146812,1
6,1,31134,640,429,138,1,0,0,0,1062,5.897450434619698,0
7,1,36,2629,8,11,0,0,1,0,18,0.3137339493830364,1
7,0,22,2397,4,3,0,0,0,0,40,0.4553324976919442,1
15,0,59106,140,269,122,1,0,1,0,370,4.998604214331618,0
5,0,78,645,0,5,0,0,1,0,44,0.43700683565435783,1
5,1,16,2085,10,3,0,0,0,1,56,0.060373317948340055,1
7,0,58648,1047,109,139,1,0,1,0,2065,2.2546077590490383,0
12,0,31,1774,2,2,0,0,0,0,57,0.11114138331929263,1
8,1,148,2639,10,12,0,0,1,1,12,0.41057121236017363,1
15,1,46815,293,593,97,1,0,0,1,3599,12.492486887991603,0
10,1,135,3556,8,9,0,0,0,0,16,0.009724025184040586,1
10,1,92,2681,8,12,0,0,1,0,15,0.16899077523491807,1
24,0,133,4083,11,9,0,0,0,0,87,0.28509081587734697,1
24,1,67,1277,10,8,0,0,0,1,34,0.45693814516089815,1
12,0,12826,1110,15,86,0,0,0,0,2879,10.763741212490583,0
7,1,142,1999,11,3,1,0,1,0,85,0.03539571800558722,1
14,0,118,708,2,4,0,0,0,0,72,0.05911919623607026,1
7,0,35319,1131,70,137,1,1,0,0,389,6.447752841423299,0
14,0,57121,1046,480,119,1,0,1,1,1026,12.267451804556876,0
13,0,23436,1187,41,21,1,0,1,0,3249,6.9540909132802815,0
13,1,38,2385,2,3,0,0,0,0,11,0.33583011549894937,1
10,0,39441,1023,53,53,1,0,0,1,3389,6.570810635190244,0
14,0,49982,948,646,62,1,0,1,1,3011,4.033269633823216,0
13,0,17473,550,50,30,1,0,0,0,949,5.420145649757759,0
8,0,45391,482,529,145,1,0,0,1,511,1.3868695075355801,0
17,0,80,4319,8,5,0,0,0,0,57,0.1411569171053601,1
19,0,14,499,8,8,0,0,1,0,38,0.3318713693126935,1
16,1,45,1637,3,2,0,0,0,0,26,0.2941828446088283,1
14,1,31047,1172,621,26,1,0,1,1,2237,11.44067287513791,0
14,0,49090,281,15,72,1,0,0,0,2666,6.0573769709567,0
16,1,6,2290,11,1,0,0,1,0,4,0.12626519481822224,1
14,0,53843,142,109,102,1,0,0,0,1505,7.364016073043671,0
8,1,41081,935,193,31,1,0,0,0,1325,11.30828903031868,0
15,1,40144,615,373,15,1,0,1,1,1278,4.103941097747726,0
15,1,16166,366,272,127,1,0,0,0,630,1.4821711749056825,0
15,0,8777,607,396,103,1,0,0,0,1901,11.385671481960426,0
6,0,15985,171,248,59,1,0,1,0,1697,9.058100779059155,0
7,0,32,3950,2,12,0,0,0,0,9,0.32679338502220995,1
7,1,41029,1127,187,82,1,0,0,1,2674,8.289343200119593,0
6,0,34,575,4,9,1,0,0,1,16,0.11291981611169599,1
23,1,58,761,7,8,0,0,1,1,80,0.167921743519658,1
8,0,29440,158,215,76,1,0,0,0,3141,8.227266191961448,0
18,1,79,1701,9,14,1,0,1,1,22,0.3348772256091239,1
10,1,27,3359,3,7,1,0,1,1,53,0.25456770646079957,1
15,1,44285,810,621,38,1,0,0,1,3072,9.72444829743148,0
20,1,45,4427,4,12,1,0,0,0,12,0.05596728906739462,1
12,1,6,3301,8,4,0,0,1,0,29,0.42525211416429853,1
12,1,72,2874,8,6,0,0,1,0,14,0.282319928948101,1
8,0,18535,1088,590,28,1,0,0,1,2504,4.65081074624364,0
8,0,54003,827,209,70,1,0,0,1,306,11.03219167928838,0
6,1,12,1789,8,5,0,0,1,0,71,0.10451851869296114,1
7,1,149,401,10,8,0,0,1,0,42,0.00683084273530471,1
9,0,11312,577,263,29,1,0,1,1,117,7.532292419545483,0
22,1,64,1043,10,7,0,0,0,0,64,0.44970626108366263,1
10,0,38026,815,395,25,1,0,0,1,1200,1.7896911531034,0
13,0,22836,1083,499,138,1,0,0,1,1233,8.882155385262239,0
11,0,16454,510,547,137,1,0,0,0,1384,6.115276236134911,0
15,0,39417,784,441,32,1,0,0,0,2067,5.730200765144125,0
22,0,99,1528,11,10,0,0,1,1,88,0.13338603181196196,1
9,1,0,3392,4,9,1,0,0,0,52,0.12699237668812674,1
9,0,50561,483,58,97,1,0,0,1,511,8.314945946826768,0
15,1,40,413,3,10,0,0,0,0,85,0.3555800437638831,1
10,1,144,2542,5,5,0,0,1,0,67,0.21342916439754478,1
9,1,21,919,5,0,0,0,1,0,86,0.397830115330721,1
12,1,20762,1043,515,40,1,0,0,1,1739,10.152052474655475,0
20,1,23,2693,1,13,0,0,0,1,42,0.31061326524008365,1
12,0,42091,639,367,148,1,0,1,1,1064,10.092611958413167,0
8,1,38005,924,274,146,1,0,0,1,3424,3.885995991460386,0
12,1,58,2596,3,9,1,0,0,0,38,0.07742878703941064,1
8,0,46554,1117,495,47,1,0,0,0,3513,3.643431706618201,0
15,1,58466,256,184,62,1,0,0,1,1306,10.205960498776536,0
7,1,119,3490,7,5,0,0,1,1,19,0.20917290374687902,1
7,0,64675,1042,609,119,1,0,1,0,661,7.405459305929703,0
5,1,23,341,10,4,0,0,1,1,38,0.4694384875711365,1
23,1,42,2757,5,10,0,0,0,0,3,0.1275467164161897,1
9,0,38533,141,626,24,1,0,1,1,1611,10.938044389619707,0
6,0,113,2103,2,9,1,0,0,0,52,0.06230669283916368,1
9,0,9622,460,39,61,1,0,0,1,2099,9.35694071402417,0
9,0,7887,1075,78,23,1,0,0,0,1577,6.570070377119666,0
11,1,129,4083,11,7,0,0,1,0,17,0.39316582769752023,1
21,1,4,307,10,4,1,0,1,0,43,0.08229963684978736,1
7,0,52393,559,221,109,1,0,0,1,2816,8.018618636736802,0
18,0,92,385,8,1,0,0,0,0,51,0.01760758676276175,1
10,0,37395,1023,452,106,1,0,0,1,2358,7.435105906100358,0
21,1,89,2651,10,12,1,0,0,1,2,0.36841322787575204,1
6,0,62432,491,574,51,1,0,0,0,1693,1.7641240879961837,0
11,0,51460,712,235,106,1,0,1,1,332,2.1184538847020313,0
20,1,88,3484,11,2,0,0,0,0,12,0.15206192473401808,1
10,0,26878,247,448,139,1,0,1,0,2631,12.158974873223755,0
17,1,121,769,4,3,1,0,0,0,7,0.1420291945202145,1
8,1,14084,792,310,148,1,0,0,0,2169,8.058221766559907,0
6,0,37284,519,141,51,1,0,0,1,968,10.119095074922097,0
6,1,52033,588,610,30,1,0,1,0,2490,4.915951756761583,0
6,1,55,1866,9,1,1,0,0,0,69,0.08029684752165428,1
5,1,63,814,10,5,0,0,0,0,17,0.16461530767069726,1
20,1,11,3797,6,4,0,0,0,1,32,0.4335886772256761,1
13,0,13691,582,541,31,1,0,0,1,992,5.1712909102187234,0
12,0,23724,683,567,107,1,0,1,1,2023,6.743889477922656,0
9,0,42776,1186,408,111,1,0,0,0,2865,8.256001677183635,0
14,0,24127,109,237,136,1,0,1,1,3110,2.4313794111342486,0
10,1,39684,322,56,38,1,0,0,1,770,2.802665764170726,0
20,0,140,2891,11,6,0,0,0,0,10,0.33090536428721234,1
23,1,26,3935,11,0,0,0,1,0,35,0.11035629297220934,1
11,0,62332,154,240,135,1,0,1,1,2567,10.437730298740034,0
8,0,44977,618,73,103,1,0,0,0,3050,11.427495794287386,0
11,0,27925,105,322,69,1,0,0,0,2096,10.407149618485626,0
18,1,116,614,4,11,1,0,0,0,22,0.4629136872217587,1
9,0,11289,1101,391,33,1,1,0,1,602,4.139310608074011,0
6,0,15065,1098,91,92,1,0,1,1,1338,1.252482658860373,0
14,0,45765,414,347,76,1,0,1,1,678,5.597090008649842,0
7,0,5923,692,582,83,0,0,0,0,1461,8.975686801749927,0
7,0,145,1341,9,8,0,0,0,1,48,0.4769683762632044,1
6,0,28947,356,522,40,1,0,0,1,137,6.673074795675011,0
14,0,25024,819,118,117,1,0,0,0,105,12.176840889277702,0
13,0,10071,1057,434,70,1,0,0,1,3222,10.064189425399238,0
16,0,39,3474,0,13,0,0,0,0,16,0.08595627886355217,1
19,1,125,3402,2,6,0,0,0,1,55,0.29264841416715565,1
17,1,144,3995,6,14,1,0,1,0,42,0.001354074910226044,1
5,1,135,1667,5,10,1,0,1,0,10,0.13583209568182775,1
12,0,56553,1061,235,59,1,0,1,0,1844,4.5065238198851585,0
14,0,1345,146,89,121,1,0,0,0,2363,10.924830740951718,0
20,1,87,507,4,11,0,0,1,0,19,0.20720419885924757,1
19,1,38,982,11,13,0,0,0,1,27,0.18467706504471615,1
8,1,51023,369,457,74,1,0,0,1,1909,9.695328073061406,0
8,0,42057,137,135,86,1,0,1,0,1312,11.90790826816726,0
9,1,45921,624,160,88,1,0,0,0,3066,11.157529936978742,0
10,0,81,178,6,11,0,0,1,0,53,0.3528076523921465,1
7,1,98,3662,2,5,0,0,0,0,57,0.4445060950554797,1
7,1,26,2213,3,2,0,0,0,1,4,0.3334679926019533,1
8,0,117,693,0,10,0,0,0,0,82,0.0036959507221465127,1
12,0,5445,1134,417,93,1,0,0,1,1265,10.253671872753007,0
11,0,11745,606,423,39,1,0,0,0,2515,10.894919245991844,0
7,0,10291,920,91,136,1,0,0,1,937,10.61017295351567,0
15,1,4934,682,516,88,1,0,0,1,1771,4.2786447845297975,0
10,1,35,358,11,9,1,0,1,0,2,0.36036255601333944,1
17,1,11,1119,9,14,1,0,0,1,54,0.22209197396075214,1
7,1,146,3825,2,8,0,0,0,0,86,0.23816117610345217,1
16,1,20,3315,0,12,1,0,0,0,21,0.032119287928562945,1
19,0,92,1559,10,6,0,0,0,0,85,0.4113514608586032,1
6,0,46521,374,550,85,1,0,0,1,619,11.220098628988719,0
21,1,129,3997,5,11,1,0,1,0,65,0.18792623259098962,1
5,0,8,2434,2,11,0,0,0,0,35,0.05664980219913385,1
14,0,73,584,10,1,0,0,0,0,51,0.22307462822858476,1
8,1,96,440,8,9,0,0,0,0,55,0.1490034285968777,1
20,1,40,2811,0,14,0,0,1,0,2,0.4679130667014114,1
17,0,18,1660,3,2,0,0,1,1,44,0.3447085669356623,1
9,0,55,2922,9,0,0,0,0,1,12,0.3155246966351103,1
7,0,58824,265,69,76,1,0,0,0,3184,3.699803110259981,0
6,0,46942,413,505,126,1,0,0,0,1801,6.277669879043873,0
15,1,2467,853,531,113,1,0,0,0,185,2.505790696850628,0
14,0,22180,1021,517,58,1,0,0,1,858,8.86208225770073,0
24,1,116,710,10,5,0,0,0,0,88,0.2318110371717249,1
9,0,63315,522,257,83,1,0,0,1,2250,4.5450774321828975,0
7,1,19,2568,7,12,1,0,1,0,15,0.3271732298264288,1
14,0,19660,90,511,82,1,0,0,0,2481,4.482442143381063,0
8,0,24120,216,490,88,1,0,1,0,1700,4.525835709812966,0
13,1,44918,121,55,116,1,0,0,1,404,9.20694411323449,0
9,1,7,477,0,6,0,0,1,1,55,0.05768140065285193,1
24,0,145,2031,5,12,0,0,0,1,39,0.4531167597175693,1
8,0,125,3854,6,11,1,0,0,0,13,0.35347815924671133,1
10,0,60169,470,470,137,1,0,0,1,340,10.53671234145238,0
14,1,74,4100,4,0,0,0,1,0,16,0.37114937836697215,1
12,1,22821,391,194,129,1,0,0,0,1751,3.417236858224337,0
13,1,19,1269,9,13,0,0,0,0,72,0.09143226337743621,1
7,1,83,2296,1,7,0,0,0,1,80,0.19645466780244664,1
13,1,66,4137,7,7,0,0,1,0,73,0.4010191351414343,1
12,0,39860,79,268,134,1,1,0,0,882,1.5629532435663036,0
15,0,42687,599,293,48,1,0,1,0,2275,5.990067197566081,0
10,0,53861,545,592,142,1,0,1,0,3488,6.257227260768899,0
20,1,42,4356,9,2,1,0,0,0,1,0.43110571166096906,1
17,1,14,4393,3,4,1,0,1,0,15,0.2695955397568165,1
8,0,9641,841,580,131,1,0,0,1,1272,7.235349097970281,0
15,0,53667,710,333,97,1,0,0,0,3399,11.562345344250287,0
7,0,7447,402,302,107,1,0,0,1,511,7.717397576025944,0
11,1,39,4043,10,6,0,0,0,0,20,0.19704507638725155,1
13,0,34643,562,482,36,1,0,1,0,3001,9.403447206410323,0
10,1,50725,524,542,125,1,0,0,1,694,4.824637878445213,0
10,0,120,247,7,13,0,0,1,0,81,0.28096762675983167,1
11,0,55101,740,519,149,1,0,0,1,2788,12.216059627773046,0
15,0,53814,760,516,57,1,0,0,1,1433,1.3246173522385738,0
13,1,61148,297,311,22,1,0,0,0,2981,9.766860033414348,0
14,1,76,1914,5,0,1,0,0,0,69,0.24698957457009396,1
8,0,9109,164,247,112,1,0,1,0,313,2.5273214225991394,0
9,0,710,875,353,142,1,1,0,1,2386,3.906222474642468,0
8,0,34162,58,101,125,1,0,0,0,1596,6.486930024063428,0
13,0,60010,1112,208,63,1,0,0,0,1268,1.201782513732041,0
12,0,19380,1138,331,85,1,0,0,1,2650,7.019271860326296,0
8,1,41,995,6,14,0,0,0,0,23,0.48804301209978584,1
21,1,121,2544,11,1,0,0,0,0,65,0.25137509580480616,1
6,1,40627,400,222,55,1,0,1,0,3202,8.091516705336577,0
15,0,13425,388,350,122,1,0,0,1,1146,1.626961706478383,0
24,0,147,4300,0,7,0,0,0,0,1,0.32541661078074247,1
6,0,2636,854,455,99,1,0,0,1,3179,1.6236139126271505,0
15,0,19883,918,177,131,1,0,1,1,1987,11.194810843170657,0
6,1,22834,528,637,59,1,0,0,0,1330,12.441387231132627,0
13,0,39978,466,249,128,1,1,0,0,762,11.43203109565198,0
7,1,21700,110,180,88,1,0,1,1,3226,7.6494042815865155,0
7,1,49378,166,183,44,1,0,0,0,968,7.968842799395119,0
7,0,28332,436,82,58,1,0,0,1,2903,12.247245403020337,0
9,0,7,2657,1,7,0,0,0,0,57,0.3634384530698858,1
14,0,56715,706,347,41,1,0,0,0,2269,12.350801514232833,0
10,0,17475,233,365,148,1,0,0,0,387,2.6981786360473246,0
17,1,94,575,5,4,1,0,1,0,6,0.46883073030829603,1
9,1,28,4344,6,0,0,0,1,0,51,0.14584672536079302,1
9,1,71,4314,3,11,1,0,0,0,80,0.4348406616718314,1
8,0,38292,582,317,96,1,0,0,1,3070,7.546262605643442,0
12,0,40767,1121,248,101,1,1,0,0,439,5.753592641394355,0
7,0,28,2810,8,4,0,0,1,0,21,0.3704346341926089,1
7,0,88,3391,2,1,0,0,0,0,79,0.43309185443451476,1
9,1,62,262,10,10,1,0,0,0,73,0.41187319397540023,1
13,0,26532,1125,47,82,1,0,1,1,248,9.15616805565839,0
13,1,135,1189,5,10,1,0,0,0,33,0.17538881150515606,1
12,1,64608,1041,395,51,1,0,0,0,1176,7.211280599810431,0
15,0,61410,971,481,32,1,0,0,0,3433,5.751115891846095,0
6,0,47710,796,525,48,1,1,0,1,3240,3.5997884049182245,0
23,1,74,2248,3,2,1,0,1,0,54,0.43278561004738225,1
10,1,106,3367,10,5,1,0,1,0,65,0.34789748347037275,1
13,1,52,4378,8,5,0,0,1,1,19,0.015207940403983988,1
5,1,46,1725,2,10,0,0,1,1,2,0.2769897436100403,1
10,0,28893,1196,279,27,1,0,0,0,1014,5.626523729032314,0
12,1,102,2667,11,2,1,0,0,0,45,0.465499309856292,1
8,1,14036,578,96,102,1,0,0,1,333,8.995206502826397,0
15,0,28663,267,192,136,1,0,0,0,122,12.341351413903453,0
13,1,5478,1135,235,119,1,0,0,0,877,2.6005128951881655,0
20,1,126,869,3,11,0,0,0,1,26,0.3970911726585918,1
15,1,97,3974,3,3,0,0,0,0,81,0.4240907491399736,1
24,0,59,2701,2,12,0,0,1,0,37,0.20084844637988825,1
22,1,114,248,7,1,0,0,0,1,37,0.37308981927613616,1
21,1,101,1853,10,3,0,0,0,1,6,0.4291033954885149,1
10,0,11124,923,331,75,1,0,0,1,3207,5.885206705080201,0
13,0,54,4088,1,13,1,0,1,1,52,0.42250611857788795,1
18,1,7,3181,11,0,1,0,1,1,62,0.08651193487558217,1
10,0,243,747,189,95,1,0,0,0,1565,9.925323304324351,0
10,0,47748,1104,619,83,1,0,0,1,968,12.297052989778097,0
6,0,22645,296,544,121,1,0,0,1,2260,4.698133680292016,0
15,1,41,1080,5,6,0,0,0,0,27,0.39446351197443974,1
11,0,23766,634,183,36,1,0,0,0,152,7.191797047938543,0
12,0,6599,489,559,37,1,0,0,1,1284,2.22647144599398,0
15,0,57554,1195,454,102,1,0,0,0,131,5.038774345347753,0
9,0,1875,789,76,44,1,0,0,1,1585,2.656991551243934,0
11,1,145,2808,5,2,0,0,1,0,63,0.4085955253633205,1
6,0,47995,1176,439,90,1,0,1,1,1268,3.368206858056632,0
5,0,17,1384,9,1,1,0,1,0,88,0.256977723345354,1
10,1,42851,721,153,69,1,0,0,1,1414,11.040157799964483,0
7,1,52,1531,0,5,0,0,1,0,21,0.24977416760233562,1
12,1,92,2455,5,10,0,0,1,0,56,0.05557543989165592,1
13,0,35317,56,382,28,1,0,0,1,3466,6.149374551219762,0
8,1,69,3688,9,12,1,0,1,1,17,0.3758972936836282,1
8,1,11347,819,488,143,1,0,0,0,3075,3.9579169967850554,0
6,0,63123,1140,249,102,1,0,0,0,864,9.427580763755488,0
9,0,4813,1119,554,51,1,0,1,0,2823,10.030839748821863,0
10,1,42399,344,81,114,1,0,0,1,2924,6.802992351475472,0
9,0,32311,1106,640,112,1,0,0,0,1944,7.858770901979081,0
8,0,57182,136,513,40,1,0,0,1,1734,2.255780095320242,0
10,1,145,2039,6,6,1,0,1,0,17,0.3796194898284975,1
7,0,27090,302,572,75,0,0,1,1,438,6.937961312547668,0
11,0,25707,961,640,97,1,0,0,1,1825,3.5598583311074172,0
11,0,11490,717,395,39,1,0,0,1,2864,7.634589318971858,0
8,1,20,1191,1,12,0,0,0,0,41,0.49052243112723287,1
6,0,2174,617,581,56,1,0,0,0,2393,10.079338299449423,0
11,1,32599,1064,373,31,1,0,0,1,2296,11.182061767749305,0
13,0,4286,979,75,21,1,0,0,0,3044,10.275303077823136,0
7,1,71,564,6,8,1,0,0,0,56,0.4318205262085781,1
13,1,26,263,7,1,0,0,0,1,79,0.3445605452478791,1
8,0,15854,629,63,33,1,0,1,0,889,2.273349088243627,0
7,0,57225,668,160,110,1,0,0,1,591,11.479816924557868,0
16,1,0,2913,7,3,1,0,1,1,26,0.13557112669029403,1
23,1,135,2503,1,11,0,0,0,0,75,0.22308521890634825,1
14,1,33162,729,216,123,1,0,0,1,3214,9.62000005803192,0
7,1,36292,1153,106,61,1,0,0,0,860,7.226720698286066,0
15,0,26114,517,139,69,1,0,0,0,543,10.500219889392138,0
8,0,3106,722,137,137,1,0,1,1,2251,2.3378376924729753,0
7,1,116,672,0,7,0,0,0,0,3,0.1738912015244436,1
24,1,32,3676,5,5,0,0,1,0,78,0.03960657500418541,1
10,0,968,786,509,79,0,0,0,0,104,10.687103783172269,0
5,1,11,2485,6,12,0,0,1,0,14,0.14747291202117102,1
14,0,60633,617,84,123,1,0,1,1,2568,11.87907125335902,0
15,0,60496,360,614,106,1,0,1,1,2602,7.364856749095665,0
24,0,53,2050,10,5,1,0,0,0,22,0.28421597716525165,1
7,0,51640,686,259,45,1,0,1,1,1301,3.666445156243263,0
9,1,36,4283,4,12,1,0,0,1,2,0.2564314396884956,1
18,0,114,1404,6,6,1,0,0,1,43,0.35908397378025686,1
8,0,11813,615,496,35,1,0,1,0,2815,9.316089343288512,0
24,1,144,2196,2,13,0,0,1,0,68,0.32623797775361607,1
24,0,129,919,4,4,0,0,0,0,71,0.008330235622107995,1
24,1,1,3662,10,3,0,0,0,1,58,0.4544327031595018,1
7,0,25175,763,592,120,1,0,0,0,2451,11.491495483941064,0
7,1,86,2937,1,8,0,0,0,0,31,0.47792157358758186,1
11,0,6062,399,206,132,1,0,0,0,2937,3.2973259226963947,0
19,1,51,174,0,0,0,0,0,0,16,0.1983946627072921,1
8,0,9575,626,84,103,1,0,0,1,3432,5.258885446997752,0
24,0,8,3732,4,9,1,0,1,0,55,0.19613352076177354,1
9,0,28491,717,211,65,0,0,1,0,2858,11.71378547292019,0
24,1,119,2528,5,14,0,0,1,0,64,0.20212082105351958,1
18,0,3,1279,7,3,0,0,1,1,70,0.462154783526279,1
8,1,7532,708,171,143,1,0,0,1,2287,7.370077904524479,0
10,0,11042,648,409,52,1,0,1,1,316,1.6834509311941268,0
15,1,45534,505,283,44,1,0,0,0,401,10.52937799933581,0
11,1,88,1271,5,10,0,0,1,0,6,0.10993097818448844,1
14,0,59327,1059,479,65,1,0,1,1,1996,11.023543219353114,0
10,0,52701,882,88,129,1,0,0,1,249,12.04814302695572,0
7,1,110,1137,6,12,1,0,1,0,29,0.3896825851675599,1
8,0,58276,381,567,23,1,0,0,0,2833,6.671607643085634,0
14,0,16883,653,556,85,1,0,1,1,3527,10.69805544342589,0
9,0,51526,1014,547,22,1,0,0,1,1736,1.31564257741896,0
10,0,32210,1090,576,87,1,0,1,1,3621,7.190000015132991,0
9,0,29367,1126,43,99,1,0,0,0,2230,1.2876840262128966,0
8,0,16515,1083,119,110,1,1,0,0,2420,2.330357883058837,0
12,0,16332,577,604,131,1,0,0,1,2430,8.897249819966405,0
13,1,9009,783,178,72,1,0,0,1,541,11.367283653661309,0
15,0,13974,348,580,100,1,0,1,1,1058,7.358595097680529,0
9,1,59081,516,370,61,1,0,1,0,2809,1.5411697733102314,0
15,1,148,3657,2,4,0,0,0,1,72,0.3011281511886286,1
6,0,32372,229,227,95,1,0,0,1,1641,9.40499857257443,0
16,0,67,2426,11,3,0,0,1,0,25,0.007323563636243369,1
21,1,105,712,2,10,0,0,0,1,8,0.3765594235898371,1
7,0,21424,648,313,133,1,0,0,0,1058,2.5560310706708353,0
24,1,71,1023,7,7,0,0,0,0,26,0.22036952054213177,1
15,0,12084,320,179,72,1,0,0,1,129,6.29204470372231,0
6,0,63552,436,142,94,1,0,1,1,1153,9.746549187225797,0
9,1,35,2708,0,1,1,0,0,0,10,0.19898017319037858,1
16,1,117,3703,4,10,1,0,1,1,40,0.45926080138525893,1
13,0,32950,290,43,105,1,0,0,1,1786,7.637662342000132,0
19,0,76,687,5,14,1,0,0,0,33,0.24861459750999787,1
11,0,9719,650,23,40,1,0,0,0,109,7.913382412512305,0
10,0,57716,98,339,124,1,0,0,1,1084,4.576474624141003,0
10,1,28464,650,174,67,1,0,0,1,701,9.440710385953958,0
10,0,11730,940,564,20,1,0,1,1,2125,7.225167507370156,0
5,1,149,3523,7,8,0,0,0,0,6,0.02861834675840469,1
11,1,95,2857,8,5,0,0,0,0,71,0.2734405868937165,1
12,0,32478,1047,602,73,1,0,0,1,1586,6.54269044447379,0
8,0,20857,965,239,117,1,0,0,0,3567,7.6892552969050865,0
9,1,54,1549,10,7,0,0,1,0,63,0.14822244387207656,1
6,0,34779,252,449,73,1,0,0,1,271,11.028384818557363,0
7,0,24406,61,263,77,1,0,1,0,2041,4.5426909990903654,0
11,1,50458,262,447,15,1,0,0,1,1255,10.442435274327313,0
12,0,10217,598,37,112,1,0,1,1,1793,11.256614316837501,0
8,0,34042,830,382,86,0,0,0,1,2730,6.917611619474817,0
12,0,41152,1199,221,121,1,1,1,0,2004,10.35532609938769,0
7,0,36319,974,178,49,1,0,0,0,489,1.4020268695934441,0
9,0,28768,823,307,68,1,0,0,0,2354,10.566537365327418,0
20,1,49,2819,2,6,0,0,0,0,65,0.20257427683920332,1
10,0,27255,444,459,43,1,0,1,0,3469,5.550965987596652,0
8,1,71,2939,4,1,1,0,1,0,49,0.08177689726509368,1
13,0,1,2374,2,13,1,0,1,0,82,0.49153234980741023,1
8,0,52218,335,105,75,1,0,1,0,1157,1.4355512098270191,0
10,0,62934,638,129,83,1,0,0,0,2260,11.15245892093834,0
12,1,58959,498,442,122,1,0,0,0,352,5.8385721943171625,0
11,1,38827,323,86,51,0,0,0,0,3347,2.91294340449621,0
7,1,147,2646,8,5,0,0,0,1,1,0.12543673585805526,1
14,1,146,1864,5,2,0,0,0,1,29,0.15535766415572372,1
14,0,6872,607,524,71,1,0,0,0,1229,10.39897164746949,0
19,1,97,2931,6,10,0,0,1,0,57,0.09597771949786288,1
14,0,27863,1038,545,38,1,0,0,1,2008,3.02689739175694,0
23,1,61,3847,3,11,0,0,0,0,78,0.12935547370781725,1
16,1,38,759,6,7,1,0,1,0,80,0.42589516933027083,1
10,0,97,802,5,9,0,0,0,1,63,0.3299967250676586,1
15,0,89,1343,1,12,0,0,1,1,66,0.12590338302544074,1
20,1,7,1985,4,11,0,0,0,0,78,0.08707834619769816,1
18,1,59,2601,8,12,1,0,0,1,84,0.0011617030659651362,1
15,0,2960,821,528,140,1,0,0,0,1988,3.1178748691509646,0
6,0,45797,1129,487,82,1,0,0,0,1330,6.2162586879259,0
20,1,6,4235,7,3,0,0,0,0,53,0.31594007962344256,1
12,1,106,1926,7,12,0,0,1,1,28,0.4193044437669811,1
10,0,136,3719,11,13,0,0,0,0,61,0.04782034801185797,1
7,0,35048,1193,376,18,1,0,0,0,1492,11.48992133331044,0
14,1,77,881,6,3,0,0,0,0,67,0.3497671288077619,1
20,1,37,2110,5,11,0,0,0,1,16,0.026287198905501574,1
6,1,101,4282,8,5,1,0,0,0,78,0.023529189730009448,1
10,0,43666,599,62,110,1,0,0,0,3443,10.789040524448923,0
11,1,60,3109,6,10,1,0,0,0,26,0.3545007556631898,1
10,1,40919,881,592,131,1,0,0,0,948,1.7034899372794814,0
14,0,30778,1014,334,90,1,0,0,0,3249,4.950541019341713,0
11,0,16481,897,121,99,1,0,0,1,464,1.6168941646916801,0
14,0,9,2420,10,14,0,0,1,0,79,0.05951065224657054,1
11,0,36295,171,273,51,1,0,1,0,2025,8.293014673688361,0
5,1,11,461,4,7,0,0,0,1,41,0.299798630022027,1
12,0,47080,238,453,23,1,0,1,1,3403,3.391384369171689,0
8,1,109,470,4,11,1,0,1,0,53,0.23200021409821314,1
6,0,36145,434,583,148,1,0,1,0,1538,3.9005484416391445,0
18,1,130,4430,1,7,0,0,1,0,41,0.2569332628566358,1
10,1,27996,77,427,22,1,0,1,1,2966,1.2638687847053873,0
23,1,96,662,6,0,0,0,0,0,54,0.2548282254018803,1
21,0,130,2772,9,8,0,0,1,0,51,0.4197266171047754,1
14,0,63620,757,531,104,1,0,0,0,1454,9.74819777089666,0
14,1,25,803,9,8,1,0,1,0,26,0.026359883167250575,1
11,0,41152,439,145,39,1,0,0,0,763,4.259291176365577,0
7,0,57895,1042,504,29,1,0,0,0,722,11.041077232286208,0
21,1,63,1085,7,3,0,0,1,0,18,0.1499692448990318,1
7,0,32733,466,459,115,1,0,0,1,1840,3.704005763965755,0
9,1,22519,712,254,130,1,0,1,1,3028,8.620966582961056,0
9,0,802,155,102,57,1,0,1,0,1814,1.935019322429689,0
13,1,115,2137,0,2,1,0,1,0,18,0.4726858248073889,1
8,0,61,2468,0,13,0,0,0,1,16,0.17292942898763464,1
10,1,38165,956,616,76,1,0,0,1,3472,6.21319580661931,0
18,0,6,2655,1,3,1,0,0,1,74,0.06861357330843554,1
11,0,11565,506,567,104,1,0,0,1,865,4.307954926030287,0
13,0,11,4287,10,9,0,0,0,0,67,0.19956305022248305,1
13,0,35905,61,15,26,1,0,0,1,3371,11.68649878205246,0
13,0,1,1921,1,1,0,0,0,0,59,0.4751535068680906,1
9,0,34652,414,585,68,1,0,0,1,2855,2.183479285534563,0
10,1,126,2420,11,1,0,0,1,0,23,0.2670698480678486,1
16,0,28,3983,2,1,0,0,1,0,85,0.08487960069641326,1
11,1,59,3183,0,2,0,0,0,0,18,0.381928250100107,1
6,0,7914,959,520,130,1,0,1,0,1619,9.829040645682614,0
24,1,118,599,0,1,0,0,0,0,71,0.0010382588000406034,1
7,1,125,524,7,1,0,0,0,1,61,0.3576905085893276,1
14,0,54706,306,533,15,1,0,1,1,1087,8.134947654952777,0
14,1,138,2765,10,7,0,0,0,1,17,0.03193988371545142,1
10,0,13594,150,152,147,1,0,0,1,3590,3.730038736354241,0
9,0,50534,222,583,101,1,0,0,1,905,12.425112506209976,0
11,0,16066,1137,115,144,1,0,0,0,1757,6.68689808580275,0
22,1,77,1254,10,3,0,0,0,0,88,0.33641584496021504,1
15,0,8355,594,35,48,1,1,0,1,3102,11.118669266777882,0
14,1,17502,1030,91,113,1,0,0,1,486,7.5013590447776926,0
12,0,47703,440,219,104,1,0,1,0,1153,3.636382412828752,0
15,1,10,3606,7,4,0,0,1,0,71,0.09439701388672223,1
11,0,7296,1132,321,145,1,1,0,0,138,2.447012139103993,0
8,1,52833,156,275,22,1,0,0,0,2076,7.38141805459626,0
12,0,107,2311,5,10,0,0,0,1,8,0.1759648853658884,1
15,0,11311,978,278,52,1,0,1,0,2259,8.374530859026326,0
13,1,107,3237,5,11,0,0,0,0,21,0.10633214325567142,1
12,0,28078,118,453,77,1,0,0,1,1209,2.035784016161802,0
15,0,21768,726,638,75,1,0,0,0,724,6.63842050078127,0
20,0,146,2260,9,8,0,0,1,0,14,0.028870539733517997,1
20,1,123,2593,6,14,0,0,0,1,80,0.1586944250139426,1
9,1,84,697,8,4,0,0,0,0,69,0.4990999538328088,1
5,1,93,3778,6,2,1,0,0,0,64,0.07177237797188396,1
13,0,45829,815,497,49,1,0,0,1,3051,10.895346016819152,0
21,1,79,3571,10,10,0,0,1,0,20,0.21560524243216445,1
8,0,59997,1147,32,107,1,1,1,1,2391,10.652147065825474,0
12,1,19,3047,1,1,1,0,0,0,89,0.04478301215815533,1
9,0,59360,293,100,100,1,0,0,1,1910,4.176460815101043,0
17,1,46,2144,6,2,0,0,1,1,30,0.06552931540214518,1
15,0,15398,483,231,76,1,0,1,1,1911,10.613543436285614,0
9,0,27774,433,75,77,1,0,0,1,555,10.717420312751345,0
5,0,147,1063,6,4,0,0,0,0,54,0.4987590655863375,1
23,1,30,326,9,3,1,0,1,0,29,0.19770913512118904,1
21,1,47,4372,9,7,0,0,1,0,53,0.3404766457017881,1
21,1,31,1503,7,11,1,0,1,0,47,0.3370189337124784,1
10,0,45515,919,204,99,1,0,0,0,2746,1.3388844710590813,0
11,0,7369,1155,480,107,1,0,0,1,1629,1.8287168504143407,0
7,0,51955,324,235,17,1,0,0,0,1579,1.2466368478230239,0
10,0,2909,721,38,38,0,0,0,1,130,11.938209766926487,0
11,0,49248,859,85,119,1,0,0,0,1598,2.3123443037111957,0
